Workbook

Sheet Ket qua chi tiet
A1: Mã | B1: Khung | C1: Mô hình | D1: n test | E1: MAE | F1: RMSE | G1: MAPE (%) | H1: Directional Acc. | I1: Naive MAE | J1: Naive RMSE | K1: Naive MAPE (%) | L1: Δ RMSE vs Naive (%) | M1: RMSE / Naive RMSE | N1: Xếp hạng trong mã | O1: MLflow run_id | P1: Seed | Q1: Trạng thái | R1: Test manifest SHA-256
A2: ACB | B2: 1d | C2: ARIMA | D2: 78 | E2: 0.2723487 | F2: 0.38820191 | G2: 1.313585 | H2: 0.51282051 | I2: 0.26692308 | J2: 0.3902169 | K2: 1.2888784 | L2: =(J2-F2)/J2*100 | M2: =F2/J2 | N2: =COUNTIFS($A$2:$A$37,A2,$B$2:$B$37,B2,$F$2:$F$37,"<"&F2)+1 | O2: 27237ab7dc3846e29edafc6551132ed8 | P2: 42 | Q2: preliminary | R2: 62d82e13b48f337623235e20c2412d435395fef46fea5a24776ea895d1c8b828
A3: ACB | B3: 1d | C3: XGBoost | D3: 78 | E3: 0.48262004 | F3: 0.64835006 | G3: 2.2828519 | H3: 0.48717949 | I3: 0.26692308 | J3: 0.3902169 | K3: 1.2888784 | L3: =(J3-F3)/J3*100 | M3: =F3/J3 | N3: =COUNTIFS($A$2:$A$37,A3,$B$2:$B$37,B3,$F$2:$F$37,"<"&F3)+1 | O3: 15b4c474f1ec4a929662101f34466947 | P3: 42 | Q3: preliminary | R3: 62d82e13b48f337623235e20c2412d435395fef46fea5a24776ea895d1c8b828
A4: ACB | B4: 1d | C4: Random Forest | D4: 78 | E4: 0.52569178 | F4: 0.63683501 | G4: 2.5733423 | H4: 0.38461538 | I4: 0.26692308 | J4: 0.3902169 | K4: 1.2888784 | L4: =(J4-F4)/J4*100 | M4: =F4/J4 | N4: =COUNTIFS($A$2:$A$37,A4,$B$2:$B$37,B4,$F$2:$F$37,"<"&F4)+1 | O4: a9916b77672e4437996a1ce165c5a003 | P4: 42 | Q4: preliminary | R4: 62d82e13b48f337623235e20c2412d435395fef46fea5a24776ea895d1c8b828
A5: ACB | B5: 1d | C5: GRU v2 | D5: 78 | E5: 0.26781771 | F5: 0.38739862 | G5: 1.292922 | H5: 0.55128205 | I5: 0.26692308 | J5: 0.3902169 | K5: 1.2888784 | L5: =(J5-F5)/J5*100 | M5: =F5/J5 | N5: =COUNTIFS($A$2:$A$37,A5,$B$2:$B$37,B5,$F$2:$F$37,"<"&F5)+1 | O5: 3cec04baa8c646e9a15f788abd7b2490 | P5: 42 | Q5: preliminary | R5: 62d82e13b48f337623235e20c2412d435395fef46fea5a24776ea895d1c8b828
A6: FPT | B6: 1d | C6: ARIMA | D6: 78 | E6: 1.2061173 | F6: 1.5868352 | G6: 1.6227784 | H6: 0.52564103 | I6: 1.2014103 | J6: 1.5784718 | K6: 1.6161846 | L6: =(J6-F6)/J6*100 | M6: =F6/J6 | N6: =COUNTIFS($A$2:$A$37,A6,$B$2:$B$37,B6,$F$2:$F$37,"<"&F6)+1 | O6: 1a8a52be5e454186927ceb7e9f48bfee | P6: 42 | Q6: preliminary | R6: 48f7c13e01d7274ff1cfba435d1f76b878c273a66e89de72b7f447d7a366c518
A7: FPT | B7: 1d | C7: XGBoost | D7: 78 | E7: 19.315808 | F7: 19.588796 | G7: 26.314815 | H7: 0.42307692 | I7: 1.2014103 | J7: 1.5784718 | K7: 1.6161846 | L7: =(J7-F7)/J7*100 | M7: =F7/J7 | N7: =COUNTIFS($A$2:$A$37,A7,$B$2:$B$37,B7,$F$2:$F$37,"<"&F7)+1 | O7: 82b89db0c88b4f4e958518506d7955c9 | P7: 42 | Q7: preliminary | R7: 48f7c13e01d7274ff1cfba435d1f76b878c273a66e89de72b7f447d7a366c518
A8: FPT | B8: 1d | C8: Random Forest | D8: 78 | E8: 14.837693 | F8: 14.983727 | G8: 20.22062 | H8: 0.42307692 | I8: 1.2014103 | J8: 1.5784718 | K8: 1.6161846 | L8: =(J8-F8)/J8*100 | M8: =F8/J8 | N8: =COUNTIFS($A$2:$A$37,A8,$B$2:$B$37,B8,$F$2:$F$37,"<"&F8)+1 | O8: 0668992ce3cf45389acd4f7f3159d6c9 | P8: 42 | Q8: preliminary | R8: 48f7c13e01d7274ff1cfba435d1f76b878c273a66e89de72b7f447d7a366c518
A9: FPT | B9: 1d | C9: GRU v2 | D9: 78 | E9: 1.221924 | F9: 1.5854542 | G9: 1.6455472 | H9: 0.42307692 | I9: 1.2014103 | J9: 1.5784718 | K9: 1.6161846 | L9: =(J9-F9)/J9*100 | M9: =F9/J9 | N9: =COUNTIFS($A$2:$A$37,A9,$B$2:$B$37,B9,$F$2:$F$37,"<"&F9)+1 | O9: 690aa787f59740f29f66a8e389cbe33f | P9: 42 | Q9: preliminary | R9: 48f7c13e01d7274ff1cfba435d1f76b878c273a66e89de72b7f447d7a366c518
A10: HPG | B10: 1d | C10: ARIMA | D10: 78 | E10: 0.28019388 | F10: 0.41476772 | G10: 1.1669878 | H10: 0.46153846 | I10: 0.28 | J10: 0.41412868 | K10: 1.16618 | L10: =(J10-F10)/J10*100 | M10: =F10/J10 | N10: =COUNTIFS($A$2:$A$37,A10,$B$2:$B$37,B10,$F$2:$F$37,"<"&F10)+1 | O10: 11b29383abce4a449c5770d37258c269 | P10: 42 | Q10: preliminary | R10: 752ebd51d70012303f43480234948c8b1296ee6f52be52fec26d35475a7a2cbc
A11: HPG | B11: 1d | C11: XGBoost | D11: 78 | E11: 0.40190436 | F11: 0.52589251 | G11: 1.6672699 | H11: 0.6025641 | I11: 0.28 | J11: 0.41412868 | K11: 1.16618 | L11: =(J11-F11)/J11*100 | M11: =F11/J11 | N11: =COUNTIFS($A$2:$A$37,A11,$B$2:$B$37,B11,$F$2:$F$37,"<"&F11)+1 | O11: c44b3e8907d04b48b92a1b918865237e | P11: 42 | Q11: preliminary | R11: 752ebd51d70012303f43480234948c8b1296ee6f52be52fec26d35475a7a2cbc
A12: HPG | B12: 1d | C12: Random Forest | D12: 78 | E12: 0.28466592 | F12: 0.38763848 | G12: 1.1827199 | H12: 0.6025641 | I12: 0.28 | J12: 0.41412868 | K12: 1.16618 | L12: =(J12-F12)/J12*100 | M12: =F12/J12 | N12: =COUNTIFS($A$2:$A$37,A12,$B$2:$B$37,B12,$F$2:$F$37,"<"&F12)+1 | O12: 288a3568ba8d499b9b98f2636bdc2257 | P12: 42 | Q12: preliminary | R12: 752ebd51d70012303f43480234948c8b1296ee6f52be52fec26d35475a7a2cbc
A13: HPG | B13: 1d | C13: GRU v2 | D13: 78 | E13: 0.2797246 | F13: 0.41352846 | G13: 1.1652954 | H13: 0.52564103 | I13: 0.28 | J13: 0.41412868 | K13: 1.16618 | L13: =(J13-F13)/J13*100 | M13: =F13/J13 | N13: =COUNTIFS($A$2:$A$37,A13,$B$2:$B$37,B13,$F$2:$F$37,"<"&F13)+1 | O13: fdc703c85592411aaa4c8051ff583488 | P13: 42 | Q13: preliminary | R13: 752ebd51d70012303f43480234948c8b1296ee6f52be52fec26d35475a7a2cbc
... A37: BTCUSDT | B37: 1h | C37: GRU v2 | D37: 2627 | E37: 278.16417 | F37: 373.74778 | G37: 0.40309973 | H37: 0.49790636 | I37: 209.00407 | J37: 308.39341 | K37: 0.29735593 | L37: =(J37-F37)/J37*100 | M37: =F37/J37 | N37: =COUNTIFS($A$2:$A$37,A37,$B$2:$B$37,B37,$F$2:$F$37,"<"&F37)+1 | O37: 6d055dcb8df84dc993eb5f821a0f7489 | P37: 42 | Q37: preliminary | R37: aba2e3b7a67ec33f845ce980fad30a013aac326e93bc91324e11b318ad8f9d7b

Sheet Tong hop theo ma
A1: RMSE của từng mô hình so với baseline Naive (SUMIFS từ sheet 'Ket qua chi tiet')
A3: Mã | B3: Khung | C3: n test | D3: Naive RMSE | E3: RMSE ARIMA | F3: RMSE XGBoost | G3: RMSE Random Forest | H3: RMSE GRU v2 | I3: ARIMA / Naive | J3: XGBoost / Naive | K3: Random Forest / Naive | L3: GRU v2 / Naive | M3: Mô hình tốt nhất | N3: RMSE tốt nhất | O3: Δ tốt nhất vs Naive (%) | P3: Số mô hình vượt Naive
A4: ACB | B4: 1d | C4: =SUMIFS('Ket qua chi tiet'!$D$2:$D$37,'Ket qua chi tiet'!$A$2:$A$37,A4,'Ket qua chi tiet'!$B$2:$B$37,B4,'Ket qua chi tiet'!$C$2:$C$37,"ARIMA") | D4: =SUMIFS('Ket qua chi tiet'!$J$2:$J$37,'Ket qua chi tiet'!$A$2:$A$37,A4,'Ket qua chi tiet'!$B$2:$B$37,B4,'Ket qua chi tiet'!$C$2:$C$37,"ARIMA") | E4: =SUMIFS('Ket qua chi tiet'!$F$2:$F$37,'Ket qua chi tiet'!$A$2:$A$37,A4,'Ket qua chi tiet'!$B$2:$B$37,B4,'Ket qua chi tiet'!$C$2:$C$37,"ARIMA") | F4: =SUMIFS('Ket qua chi tiet'!$F$2:$F$37,'Ket qua chi tiet'!$A$2:$A$37,A4,'Ket qua chi tiet'!$B$2:$B$37,B4,'Ket qua chi tiet'!$C$2:$C$37,"XGBoost") | G4: =SUMIFS('Ket qua chi tiet'!$F$2:$F$37,'Ket qua chi tiet'!$A$2:$A$37,A4,'Ket qua chi tiet'!$B$2:$B$37,B4,'Ket qua chi tiet'!$C$2:$C$37,"Random Forest") | H4: =SUMIFS('Ket qua chi tiet'!$F$2:$F$37,'Ket qua chi tiet'!$A$2:$A$37,A4,'Ket qua chi tiet'!$B$2:$B$37,B4,'Ket qua chi tiet'!$C$2:$C$37,"GRU v2") | I4: =E4/$D4 | J4: =F4/$D4 | K4: =G4/$D4 | L4: =H4/$D4 | M4: =SUBSTITUTE(INDEX($E$3:$H$3,MATCH(MIN(E4:H4),E4:H4,0)),"RMSE ","") | N4: =MIN(E4:H4) | O4: =(D4-N4)/D4*100 | P4: =COUNTIF(I4:L4,"<1")
A5: FPT | B5: 1d | C5: =SUMIFS('Ket qua chi tiet'!$D$2:$D$37,'Ket qua chi tiet'!$A$2:$A$37,A5,'Ket qua chi tiet'!$B$2:$B$37,B5,'Ket qua chi tiet'!$C$2:$C$37,"ARIMA") | D5: =SUMIFS('Ket qua chi tiet'!$J$2:$J$37,'Ket qua chi tiet'!$A$2:$A$37,A5,'Ket qua chi tiet'!$B$2:$B$37,B5,'Ket qua chi tiet'!$C$2:$C$37,"ARIMA") | E5: =SUMIFS('Ket qua chi tiet'!$F$2:$F$37,'Ket qua chi tiet'!$A$2:$A$37,A5,'Ket qua chi tiet'!$B$2:$B$37,B5,'Ket qua chi tiet'!$C$2:$C$37,"ARIMA") | F5: =SUMIFS('Ket qua chi tiet'!$F$2:$F$37,'Ket qua chi tiet'!$A$2:$A$37,A5,'Ket qua chi tiet'!$B$2:$B$37,B5,'Ket qua chi tiet'!$C$2:$C$37,"XGBoost") | G5: =SUMIFS('Ket qua chi tiet'!$F$2:$F$37,'Ket qua chi tiet'!$A$2:$A$37,A5,'Ket qua chi tiet'!$B$2:$B$37,B5,'Ket qua chi tiet'!$C$2:$C$37,"Random Forest") | H5: =SUMIFS('Ket qua chi tiet'!$F$2:$F$37,'Ket qua chi tiet'!$A$2:$A$37,A5,'Ket qua chi tiet'!$B$2:$B$37,B5,'Ket qua chi tiet'!$C$2:$C$37,"GRU v2") | I5: =E5/$D5 | J5: =F5/$D5 | K5: =G5/$D5 | L5: =H5/$D5 | M5: =SUBSTITUTE(INDEX($E$3:$H$3,MATCH(MIN(E5:H5),E5:H5,0)),"RMSE ","") | N5: =MIN(E5:H5) | O5: =(D5-N5)/D5*100 | P5: =COUNTIF(I5:L5,"<1")
A6: HPG | B6: 1d | C6: =SUMIFS('Ket qua chi tiet'!$D$2:$D$37,'Ket qua chi tiet'!$A$2:$A$37,A6,'Ket qua chi tiet'!$B$2:$B$37,B6,'Ket qua chi tiet'!$C$2:$C$37,"ARIMA") | D6: =SUMIFS('Ket qua chi tiet'!$J$2:$J$37,'Ket qua chi tiet'!$A$2:$A$37,A6,'Ket qua chi tiet'!$B$2:$B$37,B6,'Ket qua chi tiet'!$C$2:$C$37,"ARIMA") | E6: =SUMIFS('Ket qua chi tiet'!$F$2:$F$37,'Ket qua chi tiet'!$A$2:$A$37,A6,'Ket qua chi tiet'!$B$2:$B$37,B6,'Ket qua chi tiet'!$C$2:$C$37,"ARIMA") | F6: =SUMIFS('Ket qua chi tiet'!$F$2:$F$37,'Ket qua chi tiet'!$A$2:$A$37,A6,'Ket qua chi tiet'!$B$2:$B$37,B6,'Ket qua chi tiet'!$C$2:$C$37,"XGBoost") | G6: =SUMIFS('Ket qua chi tiet'!$F$2:$F$37,'Ket qua chi tiet'!$A$2:$A$37,A6,'Ket qua chi tiet'!$B$2:$B$37,B6,'Ket qua chi tiet'!$C$2:$C$37,"Random Forest") | H6: =SUMIFS('Ket qua chi tiet'!$F$2:$F$37,'Ket qua chi tiet'!$A$2:$A$37,A6,'Ket qua chi tiet'!$B$2:$B$37,B6,'Ket qua chi tiet'!$C$2:$C$37,"GRU v2") | I6: =E6/$D6 | J6: =F6/$D6 | K6: =G6/$D6 | L6: =H6/$D6 | M6: =SUBSTITUTE(INDEX($E$3:$H$3,MATCH(MIN(E6:H6),E6:H6,0)),"RMSE ","") | N6: =MIN(E6:H6) | O6: =(D6-N6)/D6*100 | P6: =COUNTIF(I6:L6,"<1")
A7: VCB | B7: 1d | C7: =SUMIFS('Ket qua chi tiet'!$D$2:$D$37,'Ket qua chi tiet'!$A$2:$A$37,A7,'Ket qua chi tiet'!$B$2:$B$37,B7,'Ket qua chi tiet'!$C$2:$C$37,"ARIMA") | D7: =SUMIFS('Ket qua chi tiet'!$J$2:$J$37,'Ket qua chi tiet'!$A$2:$A$37,A7,'Ket qua chi tiet'!$B$2:$B$37,B7,'Ket qua chi tiet'!$C$2:$C$37,"ARIMA") | E7: =SUMIFS('Ket qua chi tiet'!$F$2:$F$37,'Ket qua chi tiet'!$A$2:$A$37,A7,'Ket qua chi tiet'!$B$2:$B$37,B7,'Ket qua chi tiet'!$C$2:$C$37,"ARIMA") | F7: =SUMIFS('Ket qua chi tiet'!$F$2:$F$37,'Ket qua chi tiet'!$A$2:$A$37,A7,'Ket qua chi tiet'!$B$2:$B$37,B7,'Ket qua chi tiet'!$C$2:$C$37,"XGBoost") | G7: =SUMIFS('Ket qua chi tiet'!$F$2:$F$37,'Ket qua chi tiet'!$A$2:$A$37,A7,'Ket qua chi tiet'!$B$2:$B$37,B7,'Ket qua chi tiet'!$C$2:$C$37,"Random Forest") | H7: =SUMIFS('Ket qua chi tiet'!$F$2:$F$37,'Ket qua chi tiet'!$A$2:$A$37,A7,'Ket qua chi tiet'!$B$2:$B$37,B7,'Ket qua chi tiet'!$C$2:$C$37,"GRU v2") | I7: =E7/$D7 | J7: =F7/$D7 | K7: =G7/$D7 | L7: =H7/$D7 | M7: =SUBSTITUTE(INDEX($E$3:$H$3,MATCH(MIN(E7:H7),E7:H7,0)),"RMSE ","") | N7: =MIN(E7:H7) | O7: =(D7-N7)/D7*100 | P7: =COUNTIF(I7:L7,"<1")
A8: VNM | B8: 1d | C8: =SUMIFS('Ket qua chi tiet'!$D$2:$D$37,'Ket qua chi tiet'!$A$2:$A$37,A8,'Ket qua chi tiet'!$B$2:$B$37,B8,'Ket qua chi tiet'!$C$2:$C$37,"ARIMA") | D8: =SUMIFS('Ket qua chi tiet'!$J$2:$J$37,'Ket qua chi tiet'!$A$2:$A$37,A8,'Ket qua chi tiet'!$B$2:$B$37,B8,'Ket qua chi tiet'!$C$2:$C$37,"ARIMA") | E8: =SUMIFS('Ket qua chi tiet'!$F$2:$F$37,'Ket qua chi tiet'!$A$2:$A$37,A8,'Ket qua chi tiet'!$B$2:$B$37,B8,'Ket qua chi tiet'!$C$2:$C$37,"ARIMA") | F8: =SUMIFS('Ket qua chi tiet'!$F$2:$F$37,'Ket qua chi tiet'!$A$2:$A$37,A8,'Ket qua chi tiet'!$B$2:$B$37,B8,'Ket qua chi tiet'!$C$2:$C$37,"XGBoost") | G8: =SUMIFS('Ket qua chi tiet'!$F$2:$F$37,'Ket qua chi tiet'!$A$2:$A$37,A8,'Ket qua chi tiet'!$B$2:$B$37,B8,'Ket qua chi tiet'!$C$2:$C$37,"Random Forest") | H8: =SUMIFS('Ket qua chi tiet'!$F$2:$F$37,'Ket qua chi tiet'!$A$2:$A$37,A8,'Ket qua chi tiet'!$B$2:$B$37,B8,'Ket qua chi tiet'!$C$2:$C$37,"GRU v2") | I8: =E8/$D8 | J8: =F8/$D8 | K8: =G8/$D8 | L8: =H8/$D8 | M8: =SUBSTITUTE(INDEX($E$3:$H$3,MATCH(MIN(E8:H8),E8:H8,0)),"RMSE ","") | N8: =MIN(E8:H8) | O8: =(D8-N8)/D8*100 | P8: =COUNTIF(I8:L8,"<1")
A9: BTCUSDT | B9: 1d | C9: =SUMIFS('Ket qua chi tiet'!$D$2:$D$37,'Ket qua chi tiet'!$A$2:$A$37,A9,'Ket qua chi tiet'!$B$2:$B$37,B9,'Ket qua chi tiet'!$C$2:$C$37,"ARIMA") | D9: =SUMIFS('Ket qua chi tiet'!$J$2:$J$37,'Ket qua chi tiet'!$A$2:$A$37,A9,'Ket qua chi tiet'!$B$2:$B$37,B9,'Ket qua chi tiet'!$C$2:$C$37,"ARIMA") | E9: =SUMIFS('Ket qua chi tiet'!$F$2:$F$37,'Ket qua chi tiet'!$A$2:$A$37,A9,'Ket qua chi tiet'!$B$2:$B$37,B9,'Ket qua chi tiet'!$C$2:$C$37,"ARIMA") | F9: =SUMIFS('Ket qua chi tiet'!$F$2:$F$37,'Ket qua chi tiet'!$A$2:$A$37,A9,'Ket qua chi tiet'!$B$2:$B$37,B9,'Ket qua chi tiet'!$C$2:$C$37,"XGBoost") | G9: =SUMIFS('Ket qua chi tiet'!$F$2:$F$37,'Ket qua chi tiet'!$A$2:$A$37,A9,'Ket qua chi tiet'!$B$2:$B$37,B9,'Ket qua chi tiet'!$C$2:$C$37,"Random Forest") | H9: =SUMIFS('Ket qua chi tiet'!$F$2:$F$37,'Ket qua chi tiet'!$A$2:$A$37,A9,'Ket qua chi tiet'!$B$2:$B$37,B9,'Ket qua chi tiet'!$C$2:$C$37,"GRU v2") | I9: =E9/$D9 | J9: =F9/$D9 | K9: =G9/$D9 | L9: =H9/$D9 | M9: =SUBSTITUTE(INDEX($E$3:$H$3,MATCH(MIN(E9:H9),E9:H9,0)),"RMSE ","") | N9: =MIN(E9:H9) | O9: =(D9-N9)/D9*100 | P9: =COUNTIF(I9:L9,"<1")
A10: ETHUSDT | B10: 1d | C10: =SUMIFS('Ket qua chi tiet'!$D$2:$D$37,'Ket qua chi tiet'!$A$2:$A$37,A10,'Ket qua chi tiet'!$B$2:$B$37,B10,'Ket qua chi tiet'!$C$2:$C$37,"ARIMA") | D10: =SUMIFS('Ket qua chi tiet'!$J$2:$J$37,'Ket qua chi tiet'!$A$2:$A$37,A10,'Ket qua chi tiet'!$B$2:$B$37,B10,'Ket qua chi tiet'!$C$2:$C$37,"ARIMA") | E10: =SUMIFS('Ket qua chi tiet'!$F$2:$F$37,'Ket qua chi tiet'!$A$2:$A$37,A10,'Ket qua chi tiet'!$B$2:$B$37,B10,'Ket qua chi tiet'!$C$2:$C$37,"ARIMA") | F10: =SUMIFS('Ket qua chi tiet'!$F$2:$F$37,'Ket qua chi tiet'!$A$2:$A$37,A10,'Ket qua chi tiet'!$B$2:$B$37,B10,'Ket qua chi tiet'!$C$2:$C$37,"XGBoost") | G10: =SUMIFS('Ket qua chi tiet'!$F$2:$F$37,'Ket qua chi tiet'!$A$2:$A$37,A10,'Ket qua chi tiet'!$B$2:$B$37,B10,'Ket qua chi tiet'!$C$2:$C$37,"Random Forest") | H10: =SUMIFS('Ket qua chi tiet'!$F$2:$F$37,'Ket qua chi tiet'!$A$2:$A$37,A10,'Ket qua chi tiet'!$B$2:$B$37,B10,'Ket qua chi tiet'!$C$2:$C$37,"GRU v2") | I10: =E10/$D10 | J10: =F10/$D10 | K10: =G10/$D10 | L10: =H10/$D10 | M10: =SUBSTITUTE(INDEX($E$3:$H$3,MATCH(MIN(E10:H10),E10:H10,0)),"RMSE ","") | N10: =MIN(E10:H10) | O10: =(D10-N10)/D10*100 | P10: =COUNTIF(I10:L10,"<1")
A11: SOLUSDT | B11: 1d | C11: =SUMIFS('Ket qua chi tiet'!$D$2:$D$37,'Ket qua chi tiet'!$A$2:$A$37,A11,'Ket qua chi tiet'!$B$2:$B$37,B11,'Ket qua chi tiet'!$C$2:$C$37,"ARIMA") | D11: =SUMIFS('Ket qua chi tiet'!$J$2:$J$37,'Ket qua chi tiet'!$A$2:$A$37,A11,'Ket qua chi tiet'!$B$2:$B$37,B11,'Ket qua chi tiet'!$C$2:$C$37,"ARIMA") | E11: =SUMIFS('Ket qua chi tiet'!$F$2:$F$37,'Ket qua chi tiet'!$A$2:$A$37,A11,'Ket qua chi tiet'!$B$2:$B$37,B11,'Ket qua chi tiet'!$C$2:$C$37,"ARIMA") | F11: =SUMIFS('Ket qua chi tiet'!$F$2:$F$37,'Ket qua chi tiet'!$A$2:$A$37,A11,'Ket qua chi tiet'!$B$2:$B$37,B11,'Ket qua chi tiet'!$C$2:$C$37,"XGBoost") | G11: =SUMIFS('Ket qua chi tiet'!$F$2:$F$37,'Ket qua chi tiet'!$A$2:$A$37,A11,'Ket qua chi tiet'!$B$2:$B$37,B11,'Ket qua chi tiet'!$C$2:$C$37,"Random Forest") | H11: =SUMIFS('Ket qua chi tiet'!$F$2:$F$37,'Ket qua chi tiet'!$A$2:$A$37,A11,'Ket qua chi tiet'!$B$2:$B$37,B11,'Ket qua chi tiet'!$C$2:$C$37,"GRU v2") | I11: =E11/$D11 | J11: =F11/$D11 | K11: =G11/$D11 | L11: =H11/$D11 | M11: =SUBSTITUTE(INDEX($E$3:$H$3,MATCH(MIN(E11:H11),E11:H11,0)),"RMSE ","") | N11: =MIN(E11:H11) | O11: =(D11-N11)/D11*100 | P11: =COUNTIF(I11:L11,"<1")
A12: BTCUSDT | B12: 1h | C12: =SUMIFS('Ket qua chi tiet'!$D$2:$D$37,'Ket qua chi tiet'!$A$2:$A$37,A12,'Ket qua chi tiet'!$B$2:$B$37,B12,'Ket qua chi tiet'!$C$2:$C$37,"ARIMA") | D12: =SUMIFS('Ket qua chi tiet'!$J$2:$J$37,'Ket qua chi tiet'!$A$2:$A$37,A12,'Ket qua chi tiet'!$B$2:$B$37,B12,'Ket qua chi tiet'!$C$2:$C$37,"ARIMA") | E12: =SUMIFS('Ket qua chi tiet'!$F$2:$F$37,'Ket qua chi tiet'!$A$2:$A$37,A12,'Ket qua chi tiet'!$B$2:$B$37,B12,'Ket qua chi tiet'!$C$2:$C$37,"ARIMA") | F12: =SUMIFS('Ket qua chi tiet'!$F$2:$F$37,'Ket qua chi tiet'!$A$2:$A$37,A12,'Ket qua chi tiet'!$B$2:$B$37,B12,'Ket qua chi tiet'!$C$2:$C$37,"XGBoost") | G12: =SUMIFS('Ket qua chi tiet'!$F$2:$F$37,'Ket qua chi tiet'!$A$2:$A$37,A12,'Ket qua chi tiet'!$B$2:$B$37,B12,'Ket qua chi tiet'!$C$2:$C$37,"Random Forest") | H12: =SUMIFS('Ket qua chi tiet'!$F$2:$F$37,'Ket qua chi tiet'!$A$2:$A$37,A12,'Ket qua chi tiet'!$B$2:$B$37,B12,'Ket qua chi tiet'!$C$2:$C$37,"GRU v2") | I12: =E12/$D12 | J12: =F12/$D12 | K12: =G12/$D12 | L12: =H12/$D12 | M12: =SUBSTITUTE(INDEX($E$3:$H$3,MATCH(MIN(E12:H12),E12:H12,0)),"RMSE ","") | N12: =MIN(E12:H12) | O12: =(D12-N12)/D12*100 | P12: =COUNTIF(I12:L12,"<1")
E13: ARIMA | F13: XGBoost | G13: Random Forest | H13: GRU v2
A14: Số lần đứng đầu | E14: =COUNTIF($M$4:$M$12,"ARIMA") | F14: =COUNTIF($M$4:$M$12,"XGBoost") | G14: =COUNTIF($M$4:$M$12,"Random Forest") | H14: =COUNTIF($M$4:$M$12,"GRU v2")
A15: Số lần vượt Naive | E15: =COUNTIF(I4:I12,"<1") | F15: =COUNTIF(J4:J12,"<1") | G15: =COUNTIF(K4:K12,"<1") | H15: =COUNTIF(L4:L12,"<1")

Sheet ACB 1d vs 07-2026
A1: Benchmark chính thức ACB 1d: evaluator 23/07/2026 (docs/evidence/ACB_1d) so với chạy lại 16/09/2026
A3: Mô hình | B3: RMSE 07/2026 | C3: RMSE 16/09/2026 | D3: Chênh lệch RMSE | E3: MAE 07/2026 | F3: MAE 16/09/2026 | G3: DA 07/2026 | H3: DA 16/09/2026 | I3: Hạng 07/2026 | J3: Hạng 16/09/2026 | K3: Ghi chú
A4: ARIMA | B4: 0.38820191 | C4: =SUMIFS('Ket qua chi tiet'!$F$2:$F$37,'Ket qua chi tiet'!$A$2:$A$37,"ACB",'Ket qua chi tiet'!$B$2:$B$37,"1d",'Ket qua chi tiet'!$C$2:$C$37,"ARIMA") | D4: =C4-B4 | E4: 0.2723487 | F4: =SUMIFS('Ket qua chi tiet'!$E$2:$E$37,'Ket qua chi tiet'!$A$2:$A$37,"ACB",'Ket qua chi tiet'!$B$2:$B$37,"1d",'Ket qua chi tiet'!$C$2:$C$37,"ARIMA") | G4: 0.51282051 | H4: =SUMIFS('Ket qua chi tiet'!$H$2:$H$37,'Ket qua chi tiet'!$A$2:$A$37,"ACB",'Ket qua chi tiet'!$B$2:$B$37,"1d",'Ket qua chi tiet'!$C$2:$C$37,"ARIMA") | I4: 1 | J4: =RANK(C4,$C$4:$C$7,1) | K4: Tái lập đúng — cùng commit pipeline
A5: XGBoost | B5: 0.64835006 | C5: =SUMIFS('Ket qua chi tiet'!$F$2:$F$37,'Ket qua chi tiet'!$A$2:$A$37,"ACB",'Ket qua chi tiet'!$B$2:$B$37,"1d",'Ket qua chi tiet'!$C$2:$C$37,"XGBoost") | D5: =C5-B5 | E5: 0.48262004 | F5: =SUMIFS('Ket qua chi tiet'!$E$2:$E$37,'Ket qua chi tiet'!$A$2:$A$37,"ACB",'Ket qua chi tiet'!$B$2:$B$37,"1d",'Ket qua chi tiet'!$C$2:$C$37,"XGBoost") | G5: 0.48717949 | H5: =SUMIFS('Ket qua chi tiet'!$H$2:$H$37,'Ket qua chi tiet'!$A$2:$A$37,"ACB",'Ket qua chi tiet'!$B$2:$B$37,"1d",'Ket qua chi tiet'!$C$2:$C$37,"XGBoost") | I5: 3 | J5: =RANK(C5,$C$4:$C$7,1) | K5: Tái lập đúng — chênh lệch chỉ do số thực (< 1e-15)
A6: Random Forest | B6: 0.63683501 | C6: =SUMIFS('Ket qua chi tiet'!$F$2:$F$37,'Ket qua chi tiet'!$A$2:$A$37,"ACB",'Ket qua chi tiet'!$B$2:$B$37,"1d",'Ket qua chi tiet'!$C$2:$C$37,"Random Forest") | D6: =C6-B6 | E6: 0.52569178 | F6: =SUMIFS('Ket qua chi tiet'!$E$2:$E$37,'Ket qua chi tiet'!$A$2:$A$37,"ACB",'Ket qua chi tiet'!$B$2:$B$37,"1d",'Ket qua chi tiet'!$C$2:$C$37,"Random Forest") | G6: 0.38461538 | H6: =SUMIFS('Ket qua chi tiet'!$H$2:$H$37,'Ket qua chi tiet'!$A$2:$A$37,"ACB",'Ket qua chi tiet'!$B$2:$B$37,"1d",'Ket qua chi tiet'!$C$2:$C$37,"Random Forest") | I6: 2 | J6: =RANK(C6,$C$4:$C$7,1) | K6: Tái lập đúng — chênh lệch chỉ do số thực (< 1e-12)
A7: GRU v2 | B7: 0.73604949 | C7: =SUMIFS('Ket qua chi tiet'!$F$2:$F$37,'Ket qua chi tiet'!$A$2:$A$37,"ACB",'Ket qua chi tiet'!$B$2:$B$37,"1d",'Ket qua chi tiet'!$C$2:$C$37,"GRU v2") | D7: =C7-B7 | E7: 0.53930943 | F7: =SUMIFS('Ket qua chi tiet'!$E$2:$E$37,'Ket qua chi tiet'!$A$2:$A$37,"ACB",'Ket qua chi tiet'!$B$2:$B$37,"1d",'Ket qua chi tiet'!$C$2:$C$37,"GRU v2") | G7: 0.47435897 | H7: =SUMIFS('Ket qua chi tiet'!$H$2:$H$37,'Ket qua chi tiet'!$A$2:$A$37,"ACB",'Ket qua chi tiet'!$B$2:$B$37,"1d",'Ket qua chi tiet'!$C$2:$C$37,"GRU v2") | I7: 4 | J7: =RANK(C7,$C$4:$C$7,1) | K7: GRU v2 (PR #43): residual head, 8 feature, seq 7 — kiến trúc khác tháng 7
A8: Naive | B8: 0.3902169 | C8: =SUMIFS('Ket qua chi tiet'!$J$2:$J$37,'Ket qua chi tiet'!$A$2:$A$37,"ACB",'Ket qua chi tiet'!$B$2:$B$37,"1d",'Ket qua chi tiet'!$C$2:$C$37,"ARIMA") | E8: 0.26692308 | K8: Baseline predicted_close = current_close; nguồn tháng 7: docs/evidence/ACB_1d/benchmark_overview.csv

Sheet Ghi chu
A1: Nguồn dữ liệu | B1: artifacts/metrics/<model>/<SYMBOL>_<tf>_<run_id>.csv do từng entrypoint train_*.py sinh ra ngày 16/09/2026; tổng hợp bằng script trong phiên demo.
A2: Dataset | B2: group_dataset_v1, snapshot ohlcv_full_current (fingerprint 381cd2ee…d6d2), target next_close, horizon 1, split 70/15/15 theo thời gian, seed 42.
A3: Mã nguồn | B3: github.com/Ennela/NCKH-CryptographicAnalysis, nhánh develop, commit cc4ab56 tại thời điểm train (PR #44/#45 merge sau đó không đổi pipeline train).
A4: Δ RMSE vs Naive (%) | B4: Công thức: (RMSE_naive − RMSE_model) / RMSE_naive × 100. Dương = tốt hơn Naive.
A5: RMSE / Naive RMSE | B5: < 1 = tốt hơn Naive (tô xanh); ≥ 2 = kém hơn Naive ít nhất 2 lần (tô đỏ).
A6: Directional Accuracy | B6: Tỷ lệ [0,1] dự đoán đúng hướng sign(pred − current) so với sign(actual − current); của Naive luôn là hằng số nên không liệt kê.
A7: Trạng thái | B7: ACB 1d: 'valid' theo evaluator services.training.benchmark (run 5a75b56742ac4ba7861ce27a9c3431ed). Các mã khác: 'preliminary' vì evaluator hiện khóa cứng ACB 1d; manifest hash của 4 mô hình trên mỗi mã đã được kiểm tra trùng nhau.
A8: Kết quả tháng 7 | B8: Sheet 'ACB 1d vs 07-2026' cột 07/2026 lấy từ docs/evidence/ACB_1d/benchmark_overview.csv (evaluator 23/07/2026).
A9: Ô công thức | B9: Các cột Δ, tỷ số, xếp hạng và toàn bộ sheet tổng hợp là công thức tham chiếu sheet 'Ket qua chi tiet'; sửa số liệu ở đó thì các sheet khác tự cập nhật.
